rank,shortlist_score,account_id,county,owner_name,owner_mailing_address,owner_type,land_use_desc,structure_sqft,assessed_improvement_value,gross_acres,usable_acres,largest_contiguous_reachable_acres,largest_reachable_if_crossings_permitted_acres,dischargeable_envelope_acres,dischargeable_envelope_longest_dim_yards,dwellings_with_line_of_sight,mprp_tier,adjacent_residential_zoning_acres,adjacent_planned_sewer,approved_unbuilt_units_within_2mi,adjacent_permanently_eased_acres,est_market_value,est_per_acre,commute_bwi_peak_min,commute_langley_peak_min,commute_nova_peak_min,route_redundancy,corridor_durability_score,landlocked_apparent,frontage_blocked_by_foreign_parcel,owner_parcels_held,owner_acres_held,sdat_url,score_largest_contiguous_reachable_acres,score_usable_pct,score_dischargeable_envelope_acres,score_dischargeable_envelope_longest_dim_yards,score_dwellings_with_line_of_sight,score_adjacent_residential_zoning_pct,score_adjacent_planned_sewer,score_approved_unbuilt_units_within_2mi,score_adjacent_permanently_eased_acres,score_mprp_tier,score_hv_line_nearest_ft,score_landlocked_apparent,score_frontage_blocked_by_foreign_parcel,score_est_per_acre,score_corridor_durability_score,manual_verification_flags
1,7.847,1112290446,Frederick,,4936 BURKITTSVILLE RD KNOXVILLE MD 21758,unknown,Agricultural,1928.0,237800.0,203.0,196.49,196.49,196.49,188.86,1119.0,10.0,0,0.0,False,623.0,436.84,2210721.0,9719.0,106.4,132.0,122.7,redundant,100.0,False,False,4,844.7,https://sdat.dat.maryland.gov/RealProperty/Pages/viewdetails.aspx?County=11&SearchType=ACCT&District=12&AccountNumber=290446,3.0,0.955,2.0,0.927,-0.0,-0.0,-0.0,-0.175,0.5,-0.0,0.238,-0.0,-0.0,-0.098,0.5,"[""owner_name_unavailable_lookup_sdat"", ""met_easement_read_terms"", ""riparian_buffer_presumed_confirm_with_seller"", ""approved_unbuilt_units_partial_no_layer_for_every_county_in_range"", ""target_shooting_verify_county_discharge_ordinance_and_zoning""]"
2,7.597,1103126927,Frederick,,4200 BUSSARD ROAD MIDDLETOWN MD 21769,unknown,Agricultural,3584.0,420900.0,165.86,157.67,154.85,157.67,155.19,1118.0,57.0,0,0.0,False,0.0,582.5,2032864.0,9719.0,99.2,122.9,113.6,redundant,93.0,False,False,1,165.9,https://sdat.dat.maryland.gov/RealProperty/Pages/viewdetails.aspx?County=11&SearchType=ACCT&District=03&AccountNumber=126927,2.898,0.915,1.965,0.926,-0.216,-0.0,-0.0,-0.0,0.5,-0.0,0.285,-0.0,-0.0,-0.098,0.422,"[""owner_name_unavailable_lookup_sdat"", ""riparian_buffer_presumed_confirm_with_seller"", ""hostile_constraint_bisects_parcel"", ""reserve_strip_foreign_owner"", ""target_shooting_verify_county_discharge_ordinance_and_zoning""]"
3,7.528,2220005947,Washington,,16810 SHAFFER ROAD SHARPSBURG MD 21782,unknown,Agricultural,4280.0,441500.0,250.3,222.0,214.88,221.69,178.39,1367.0,30.0,0,0.0,False,,423.81,2874122.0,9719.0,132.1,164.3,155.0,redundant,93.7,False,False,1,250.3,https://sdat.dat.maryland.gov/RealProperty/Pages/viewdetails.aspx?County=22&SearchType=ACCT&District=20&AccountNumber=005947,3.0,0.763,2.0,1.0,-0.074,-0.0,-0.0,-0.055,0.5,-0.0,0.061,-0.0,-0.0,-0.098,0.43,"[""owner_name_unavailable_lookup_sdat"", ""riparian_buffer_presumed_confirm_with_seller"", ""hostile_constraint_bisects_parcel"", ""entrance_permit_sha_state_road"", ""approved_unbuilt_units_partial_no_layer_for_every_county_in_range"", ""target_shooting_verify_county_discharge_ordinance_and_zoning"", ""safety_zone_located_by_parcel_point""]"
4,7.474,2220001178,Washington,,8202 KAVANGLEN LN FAIRPLAY MD 21733,unknown,Agricultural,2551.0,513500.0,247.46,230.88,210.22,210.22,197.21,1018.0,33.0,0,0.0,False,,1037.87,2918520.0,9719.0,130.9,162.8,153.5,redundant,93.7,False,False,1,247.5,https://sdat.dat.maryland.gov/RealProperty/Pages/viewdetails.aspx?County=22&SearchType=ACCT&District=20&AccountNumber=001178,3.0,0.872,2.0,0.804,-0.089,-0.0,-0.0,-0.055,0.5,-0.0,0.11,-0.0,-0.0,-0.098,0.43,"[""owner_name_unavailable_lookup_sdat"", ""riparian_buffer_presumed_confirm_with_seller"", ""hostile_constraint_bisects_parcel"", ""entrance_permit_sha_state_road"", ""approved_unbuilt_units_partial_no_layer_for_every_county_in_range"", ""target_shooting_verify_county_discharge_ordinance_and_zoning"", ""safety_zone_located_by_parcel_point""]"
5,7.311,1112292317,Frederick,,4936 BURKITTSVILLE RD KNOXVILLE MD 21758,unknown,Agricultural,,,234.72,215.74,192.39,214.87,207.27,1301.0,38.0,0,0.0,False,623.0,203.02,2281203.0,9719.0,104.8,129.9,120.6,redundant,92.0,False,False,4,844.7,https://sdat.dat.maryland.gov/RealProperty/Pages/viewdetails.aspx?County=11&SearchType=ACCT&District=12&AccountNumber=292317,3.0,0.839,2.0,1.0,-0.116,-0.0,-0.0,-0.175,0.245,-0.0,0.205,-0.0,-0.0,-0.098,0.411,"[""owner_name_unavailable_lookup_sdat"", ""riparian_buffer_presumed_confirm_with_seller"", ""hostile_constraint_bisects_parcel"", ""entrance_permit_sha_state_road"", ""approved_unbuilt_units_partial_no_layer_for_every_county_in_range"", ""target_shooting_verify_county_discharge_ordinance_and_zoning""]"
6,7.292,2219004376,Washington,,18556 MANSFIELD RD KEEDYSVILLE MD 21756,unknown,Agricultural,4529.0,455100.0,263.02,242.06,215.0,215.0,206.51,1167.0,58.0,0,0.0,False,,229.51,2608862.0,8189.0,122.3,152.0,142.7,redundant,88.1,False,False,1,263.0,https://sdat.dat.maryland.gov/RealProperty/Pages/viewdetails.aspx?County=22&SearchType=ACCT&District=19&AccountNumber=004376,3.0,0.841,2.0,0.986,-0.221,-0.0,-0.0,-0.055,0.277,-0.0,0.096,-0.0,-0.0,-0.0,0.368,"[""owner_name_unavailable_lookup_sdat"", ""sdat_acreage_disagrees_with_geometry"", ""met_easement_read_terms"", ""riparian_buffer_presumed_confirm_with_seller"", ""hostile_constraint_bisects_parcel"", ""approved_unbuilt_units_partial_no_layer_for_every_county_in_range"", ""target_shooting_verify_county_discharge_ordinance_and_zoning""]"
7,7.239,1122435205,Frederick,,P.O. BOX 397 BURKITTSVILLE MD 21718,unknown,Agricultural,6947.0,945500.0,219.32,179.18,147.96,178.98,150.71,1266.0,50.0,0,0.0,False,0.0,431.65,3077033.0,9719.0,114.8,142.5,133.3,no_route,100.0,False,False,1,219.3,https://sdat.dat.maryland.gov/RealProperty/Pages/viewdetails.aspx?County=11&SearchType=ACCT&District=22&AccountNumber=435205,2.746,0.597,1.897,1.0,-0.179,-0.0,-0.0,-0.0,0.5,-0.0,0.276,-0.0,-0.0,-0.098,0.5,"[""owner_name_unavailable_lookup_sdat"", ""riparian_buffer_presumed_confirm_with_seller"", ""hostile_constraint_bisects_parcel"", ""entrance_permit_sha_state_road"", ""approved_unbuilt_units_partial_no_layer_for_every_county_in_range"", ""target_shooting_verify_county_discharge_ordinance_and_zoning"", ""safety_zone_located_by_parcel_point"", ""no_state_road_reached_in_graph""]"
8,7.217,1105158737,Frederick,,9817 FOUR POINTS RD ROCKY RIDGE MD 21778,unknown,Agricultural,5380.0,429600.0,203.8,198.95,126.37,126.37,166.03,1051.0,45.0,0,0.0,False,0.0,348.58,2410297.0,9719.0,118.1,159.1,149.8,redundant,100.0,False,False,1,203.8,https://sdat.dat.maryland.gov/RealProperty/Pages/viewdetails.aspx?County=11&SearchType=ACCT&District=05&AccountNumber=158737,2.269,0.974,2.0,0.844,-0.153,-0.0,-0.0,-0.0,0.421,-0.0,0.46,-0.0,-0.0,-0.098,0.5,"[""owner_name_unavailable_lookup_sdat"", ""crep_enrollment_confirm_contract_term"", ""riparian_buffer_presumed_confirm_with_seller"", ""hostile_constraint_bisects_parcel"", ""approved_unbuilt_units_partial_no_layer_for_every_county_in_range"", ""target_shooting_verify_county_discharge_ordinance_and_zoning""]"
9,7.161,1115332700,Frederick,,14610 RODDY ROAD THURMONT MD 21788,unknown,Agricultural,,8700.0,310.22,229.2,170.28,229.18,203.22,1660.0,55.0,0,0.0,False,108.0,341.37,3023674.0,9719.0,118.6,146.7,137.4,redundant,95.1,False,False,4,603.4,https://sdat.dat.maryland.gov/RealProperty/Pages/viewdetails.aspx?County=11&SearchType=ACCT&District=15&AccountNumber=332700,3.0,0.412,2.0,1.0,-0.205,-0.0,-0.0,-0.03,0.412,-0.0,0.225,-0.0,-0.0,-0.098,0.446,"[""owner_name_unavailable_lookup_sdat"", ""sdat_acreage_disagrees_with_geometry"", ""riparian_buffer_presumed_confirm_with_seller"", ""hostile_constraint_bisects_parcel"", ""islands_reconnectable_via_mde_crossing_permit"", ""target_shooting_verify_county_discharge_ordinance_and_zoning""]"
10,7.136,1111283446,Frederick,,10435 DUBLIN RD WALKERSVILLE MD 21793,unknown,Agricultural,3945.0,661000.0,268.95,253.34,221.59,221.59,216.0,1356.0,43.0,0,0.0,False,0.0,202.86,4966827.0,16010.0,104.2,130.5,121.2,redundant,99.6,False,False,2,367.1,https://sdat.dat.maryland.gov/RealProperty/Pages/viewdetails.aspx?County=11&SearchType=ACCT&District=11&AccountNumber=283446,3.0,0.893,2.0,1.0,-0.142,-0.0,-0.0,-0.0,0.245,-0.0,0.145,-0.0,-0.0,-0.5,0.496,"[""owner_name_unavailable_lookup_sdat"", ""riparian_buffer_presumed_confirm_with_seller"", ""hostile_constraint_bisects_parcel"", ""target_shooting_verify_county_discharge_ordinance_and_zoning"", ""safety_zone_located_by_parcel_point""]"
11,7.13,2212003080,Washington,,17006 SPIELMAN RD FAIRPLAY MD 21733,unknown,Agricultural,2649.0,440100.0,181.04,177.25,177.23,177.23,126.5,1233.0,67.0,0,0.0,False,,804.17,2199596.0,9719.0,132.2,164.4,155.1,redundant,93.7,False,False,1,181.0,https://sdat.dat.maryland.gov/RealProperty/Pages/viewdetails.aspx?County=22&SearchType=ACCT&District=12&AccountNumber=003080,3.0,0.981,1.529,1.0,-0.268,-0.0,-0.0,-0.055,0.5,-0.0,0.111,-0.0,-0.0,-0.098,0.43,"[""owner_name_unavailable_lookup_sdat"", ""entrance_permit_sha_state_road"", ""approved_unbuilt_units_partial_no_layer_for_every_county_in_range"", ""target_shooting_verify_county_discharge_ordinance_and_zoning"", ""safety_zone_located_by_parcel_point""]"
12,7.096,1105177057,Frederick,,10702 HARNEY RD EMMITSBURG MD 21727,unknown,Agricultural,1408.0,128100.0,178.12,161.08,159.49,160.11,153.31,1213.0,11.0,0,0.0,False,61.0,0.0,2979760.0,16010.0,116.7,164.4,155.1,redundant,88.6,False,False,1,178.1,https://sdat.dat.maryland.gov/RealProperty/Pages/viewdetails.aspx?County=11&SearchType=ACCT&District=05&AccountNumber=177057,3.0,0.803,1.937,1.0,-0.0,-0.0,-0.0,-0.017,0.0,-0.0,0.5,-0.0,-0.0,-0.5,0.373,"[""owner_name_unavailable_lookup_sdat"", ""sdat_acreage_disagrees_with_geometry"", ""riparian_buffer_presumed_confirm_with_seller"", ""islands_reconnectable_via_mde_crossing_permit"", ""target_shooting_verify_county_discharge_ordinance_and_zoning""]"
13,7.035,1115340134,Frederick,,2116 DRESDON RD RICHMOND VA 23229,unknown,Agricultural,3228.0,372600.0,165.18,157.22,157.18,157.22,150.46,1194.0,19.0,0,0.0,False,0.0,190.28,3017093.0,16010.0,108.1,133.5,124.3,redundant,100.0,False,False,1,165.2,https://sdat.dat.maryland.gov/RealProperty/Pages/viewdetails.aspx?County=11&SearchType=ACCT&District=15&AccountNumber=340134,2.949,0.917,1.893,1.0,-0.016,-0.0,-0.0,-0.0,0.23,-0.0,0.061,-0.0,-0.0,-0.5,0.5,"[""owner_name_unavailable_lookup_sdat"", ""hostile_constraint_bisects_parcel"", ""target_shooting_verify_county_discharge_ordinance_and_zoning""]"
14,7.004,2220001445,Washington,,16440 KENDLE RD WILLIAMSPORT MD 21795,unknown,Agricultural,3640.0,236000.0,465.51,419.63,355.94,419.53,359.13,1363.0,86.0,0,25.05,False,,569.24,4760210.0,9719.0,130.6,162.4,153.2,redundant,93.7,False,False,1,465.5,https://sdat.dat.maryland.gov/RealProperty/Pages/viewdetails.aspx?County=22&SearchType=ACCT&District=20&AccountNumber=001445,3.0,0.796,2.0,1.0,-0.368,-0.275,-0.0,-0.055,0.5,-0.0,0.074,-0.0,-0.0,-0.098,0.43,"[""owner_name_unavailable_lookup_sdat"", ""riparian_buffer_presumed_confirm_with_seller"", ""hostile_constraint_bisects_parcel"", ""entrance_permit_sha_state_road"", ""adjacent_residential_zoning"", ""approved_unbuilt_units_partial_no_layer_for_every_county_in_range"", ""target_shooting_verify_county_discharge_ordinance_and_zoning"", ""safety_zone_located_by_parcel_point""]"
15,6.977,1103143791,Frederick,,4435 DEER SPRING RD MIDDLETOWN MD 21769,unknown,Agricultural,2880.0,413100.0,184.59,164.35,162.13,163.18,143.81,1025.0,42.0,0,0.0,False,0.0,620.32,2207098.0,9719.0,101.7,126.0,116.8,redundant,65.0,False,False,5,814.4,https://sdat.dat.maryland.gov/RealProperty/Pages/viewdetails.aspx?County=11&SearchType=ACCT&District=03&AccountNumber=143791,3.0,0.77,1.792,0.813,-0.137,-0.0,-0.0,-0.0,0.5,-0.0,0.225,-0.0,-0.0,-0.098,0.111,"[""owner_name_unavailable_lookup_sdat"", ""riparian_buffer_presumed_confirm_with_seller"", ""hostile_constraint_bisects_parcel"", ""target_shooting_verify_county_discharge_ordinance_and_zoning""]"
16,6.952,1115333243,Frederick,,14557 MUD COLLEGE RD ROCKY RIDGE MD 21778,unknown,Agricultural,4268.0,787800.0,278.34,243.66,170.18,170.18,169.58,928.0,44.0,0,0.0,False,60.0,61.86,3492938.0,9719.0,113.3,148.7,139.4,redundant,100.0,False,False,1,278.3,https://sdat.dat.maryland.gov/RealProperty/Pages/viewdetails.aspx?County=11&SearchType=ACCT&District=15&AccountNumber=333243,3.0,0.735,2.0,0.694,-0.147,-0.0,-0.0,-0.017,0.075,-0.0,0.21,-0.0,-0.0,-0.098,0.5,"[""owner_name_unavailable_lookup_sdat"", ""riparian_buffer_presumed_confirm_with_seller"", ""hostile_constraint_bisects_parcel"", ""approved_unbuilt_units_partial_no_layer_for_every_county_in_range"", ""target_shooting_verify_county_discharge_ordinance_and_zoning""]"
17,6.941,1108215979,Frederick,,11531 COPPERMINE RD UNION BRICGE MD 21791,unknown,Agricultural,2248.0,418600.0,194.73,170.0,159.5,161.28,133.09,925.0,56.0,0,0.0,False,426.0,353.79,2311147.0,9719.0,91.3,140.1,130.8,redundant,100.0,False,False,1,194.7,https://sdat.dat.maryland.gov/RealProperty/Pages/viewdetails.aspx?County=11&SearchType=ACCT&District=08&AccountNumber=215979,3.0,0.73,1.629,0.691,-0.211,-0.0,-0.0,-0.12,0.427,-0.0,0.392,-0.0,-0.0,-0.098,0.5,"[""owner_name_unavailable_lookup_sdat"", ""crep_enrollment_confirm_contract_term"", ""riparian_buffer_presumed_confirm_with_seller"", ""hostile_constraint_bisects_parcel"", ""islands_reconnectable_via_mde_crossing_permit"", ""target_shooting_verify_county_discharge_ordinance_and_zoning""]"
18,6.828,2201001531,Washington,,15604 NATIONAL PIKE HAGERSTOWN MD 21740,unknown,Agricultural,4176.0,336000.0,237.29,188.83,183.84,183.85,172.52,738.0,17.0,0,1.69,False,,272.99,2642180.0,9719.0,132.7,165.1,153.3,redundant,70.9,False,False,1,237.3,https://sdat.dat.maryland.gov/RealProperty/Pages/viewdetails.aspx?County=22&SearchType=ACCT&District=01&AccountNumber=001531,3.0,0.547,2.0,0.463,-0.005,-0.031,-0.0,-0.055,0.33,-0.0,0.5,-0.0,-0.0,-0.098,0.177,"[""owner_name_unavailable_lookup_sdat"", ""adjacent_residential_zoning"", ""approved_unbuilt_units_partial_no_layer_for_every_county_in_range"", ""target_shooting_verify_county_discharge_ordinance_and_zoning"", ""safety_zone_located_by_parcel_point""]"
19,6.773,1115337656,Frederick,,227 ROCK RIDGE RD MILLERSVILLE MD 21108,unknown,Agricultural,3663.0,727500.0,190.77,164.54,164.44,164.44,160.81,1253.0,92.0,0,0.0,False,0.0,117.73,2581560.0,9719.0,109.9,135.7,126.4,single_egress,87.4,False,False,2,232.2,https://sdat.dat.maryland.gov/RealProperty/Pages/viewdetails.aspx?County=11&SearchType=ACCT&District=15&AccountNumber=337656,3.0,0.704,2.0,1.0,-0.4,-0.0,-0.0,-0.0,0.142,-0.0,0.065,-0.0,-0.0,-0.098,0.36,"[""owner_name_unavailable_lookup_sdat"", ""riparian_buffer_presumed_confirm_with_seller"", ""target_shooting_verify_county_discharge_ordinance_and_zoning"", ""single_egress_no_incident_tolerance""]"
20,6.772,2201008218,Washington,,4231 HARPERS FERRY RD SHARPSBURG MD 21782,unknown,Agricultural,4141.0,903300.0,380.37,259.19,209.56,209.76,238.98,1232.0,49.0,0,0.0,False,,104.5,4017992.0,8189.0,131.2,163.2,153.9,redundant,70.9,False,False,1,380.4,https://sdat.dat.maryland.gov/RealProperty/Pages/viewdetails.aspx?County=22&SearchType=ACCT&District=01&AccountNumber=008218,3.0,0.275,2.0,1.0,-0.174,-0.0,-0.0,-0.055,0.126,-0.0,0.423,-0.0,-0.0,-0.0,0.177,"[""owner_name_unavailable_lookup_sdat"", ""met_easement_read_terms"", ""riparian_buffer_presumed_confirm_with_seller"", ""hostile_constraint_bisects_parcel"", ""approved_unbuilt_units_partial_no_layer_for_every_county_in_range"", ""target_shooting_verify_county_discharge_ordinance_and_zoning"", ""safety_zone_located_by_parcel_point""]"
21,6.771,1120401028,Frederick,,8302 RAMSBURG ROAD THURMONT MD 21788,unknown,Agricultural,3184.0,763700.0,184.83,166.15,159.37,165.99,140.93,1135.0,64.0,0,0.0,False,0.0,233.84,2560030.0,9719.0,104.5,128.9,119.7,redundant,84.1,False,False,1,184.8,https://sdat.dat.maryland.gov/RealProperty/Pages/viewdetails.aspx?County=11&SearchType=ACCT&District=20&AccountNumber=401028,2.997,0.792,1.749,0.947,-0.253,-0.0,-0.0,-0.0,0.282,-0.0,0.031,-0.0,-0.0,-0.098,0.323,"[""owner_name_unavailable_lookup_sdat"", ""riparian_buffer_presumed_confirm_with_seller"", ""hostile_constraint_bisects_parcel"", ""islands_reconnectable_via_mde_crossing_permit"", ""target_shooting_verify_county_discharge_ordinance_and_zoning"", ""safety_zone_located_by_parcel_point""]"
22,6.77,1126438233,Frederick,,8816 DEVILBISS BRIDGE ROAD WALKERSVILLE MD 21793,unknown,Agricultural,4581.0,505000.0,202.79,200.92,200.81,200.81,177.01,1497.0,103.0,0,0.0,False,0.0,125.61,2475881.0,9719.0,98.4,126.9,117.7,redundant,65.0,False,False,4,620.7,https://sdat.dat.maryland.gov/RealProperty/Pages/viewdetails.aspx?County=11&SearchType=ACCT&District=26&AccountNumber=438233,3.0,1.0,2.0,1.0,-0.458,-0.0,-0.0,-0.0,0.152,-0.0,0.063,-0.0,-0.0,-0.098,0.111,"[""owner_name_unavailable_lookup_sdat"", ""target_shooting_verify_county_discharge_ordinance_and_zoning""]"
23,6.748,2201000861,Washington,,C/O SARA RALL 16715 POWELL RD SHARPSBURG MD 21782,unknown,Agricultural,2942.0,234700.0,161.44,147.59,147.25,147.25,130.8,1044.0,21.0,0,0.0,False,,271.5,1803707.0,9719.0,137.4,171.0,161.7,redundant,87.1,False,False,2,432.5,https://sdat.dat.maryland.gov/RealProperty/Pages/viewdetails.aspx?County=22&SearchType=ACCT&District=01&AccountNumber=000861,2.73,0.827,1.595,0.836,-0.026,-0.0,-0.0,-0.055,0.328,-0.0,0.255,-0.0,-0.0,-0.098,0.357,"[""owner_name_unavailable_lookup_sdat"", ""sdat_acreage_disagrees_with_geometry"", ""met_easement_read_terms"", ""riparian_buffer_presumed_confirm_with_seller"", ""approved_unbuilt_units_partial_no_layer_for_every_county_in_range"", ""target_shooting_verify_county_discharge_ordinance_and_zoning""]"
24,6.727,1105164753,Frederick,,11503 TANEYTOWN PIKE EMMITSBURG MD 21727,unknown,Agricultural,4184.0,432200.0,238.12,219.93,113.36,113.36,169.2,1097.0,41.0,0,0.0,False,0.0,297.37,2746447.0,9719.0,108.7,165.7,156.5,redundant,87.8,False,False,1,238.1,https://sdat.dat.maryland.gov/RealProperty/Pages/viewdetails.aspx?County=11&SearchType=ACCT&District=05&AccountNumber=164753,1.982,0.851,2.0,0.9,-0.132,-0.0,-0.0,-0.0,0.359,-0.0,0.5,-0.0,-0.0,-0.098,0.364,"[""owner_name_unavailable_lookup_sdat"", ""riparian_buffer_presumed_confirm_with_seller"", ""hostile_constraint_bisects_parcel"", ""entrance_permit_sha_state_road"", ""islands_reconnectable_via_mde_crossing_permit"", ""approved_unbuilt_units_partial_no_layer_for_every_county_in_range"", ""target_shooting_verify_county_discharge_ordinance_and_zoning"", ""safety_zone_located_by_parcel_point""]"
25,6.714,1122433407,Frederick,,5328 BURKITTSVILLE RD JEFFERSON MD 21755,unknown,Agricultural,6035.0,937300.0,222.79,173.66,120.35,134.29,154.38,1411.0,17.0,0,0.0,False,112.0,1001.27,3102557.0,9719.0,105.7,131.0,121.7,redundant,100.0,False,False,1,222.8,https://sdat.dat.maryland.gov/RealProperty/Pages/viewdetails.aspx?County=11&SearchType=ACCT&District=22&AccountNumber=433407,2.136,0.507,1.953,1.0,-0.005,-0.0,-0.0,-0.031,0.5,-0.0,0.252,-0.0,-0.0,-0.098,0.5,"[""owner_name_unavailable_lookup_sdat"", ""sdat_acreage_disagrees_with_geometry"", ""met_easement_read_terms"", ""riparian_buffer_presumed_confirm_with_seller"", ""hostile_constraint_bisects_parcel"", ""entrance_permit_sha_state_road"", ""approved_unbuilt_units_partial_no_layer_for_every_county_in_range"", ""target_shooting_verify_county_discharge_ordinance_and_zoning""]"
26,6.698,1111285090,Frederick,,1012 GREEN HILL FARM ROAD RIESTERSTOWN MD 21136,unknown,Agricultural,1932.0,145700.0,174.58,169.23,168.85,169.23,141.22,1117.0,35.0,0,0.0,False,0.0,0.0,2940685.0,16010.0,104.1,136.8,127.6,redundant,99.6,False,False,1,174.6,https://sdat.dat.maryland.gov/RealProperty/Pages/viewdetails.aspx?County=11&SearchType=ACCT&District=11&AccountNumber=285090,3.0,0.957,1.753,0.925,-0.1,-0.0,-0.0,-0.0,0.0,-0.0,0.168,-0.0,-0.0,-0.5,0.496,"[""owner_name_unavailable_lookup_sdat"", ""riparian_buffer_presumed_confirm_with_seller"", ""hostile_constraint_bisects_parcel"", ""target_shooting_verify_county_discharge_ordinance_and_zoning""]"
27,6.672,1105175747,Frederick,,454 SWETLAND RD GETTYSBURG PA 17325,unknown,Agricultural,2016.0,149400.0,140.83,136.63,136.63,136.63,130.14,1195.0,19.0,0,0.0,False,0.0,208.34,2404056.0,16010.0,116.8,167.3,158.1,redundant,90.7,False,False,3,368.6,https://sdat.dat.maryland.gov/RealProperty/Pages/viewdetails.aspx?County=11&SearchType=ACCT&District=05&AccountNumber=175747,2.496,0.96,1.585,1.0,-0.016,-0.0,-0.0,-0.0,0.252,-0.0,0.5,-0.0,-0.0,-0.5,0.397,"[""owner_name_unavailable_lookup_sdat"", ""riparian_buffer_presumed_confirm_with_seller"", ""approved_unbuilt_units_partial_no_layer_for_every_county_in_range"", ""target_shooting_verify_county_discharge_ordinance_and_zoning""]"
28,6.664,2220006870,Washington,,15705 NATURAL WELL RD WILLIAMSPORT MD 21795,unknown,Agricultural,2007.0,333300.0,226.13,208.11,199.7,208.01,187.79,1295.0,55.0,3,2.43,False,,451.35,2184985.0,8189.0,138.0,171.7,162.4,redundant,87.7,False,False,1,226.1,https://sdat.dat.maryland.gov/RealProperty/Pages/viewdetails.aspx?County=22&SearchType=ACCT&District=20&AccountNumber=006870,3.0,0.841,2.0,1.0,-0.205,-0.031,-0.0,-0.055,0.5,-0.75,0.0,-0.0,-0.0,-0.0,0.363,"[""owner_name_unavailable_lookup_sdat"", ""riparian_buffer_presumed_confirm_with_seller"", ""hostile_constraint_bisects_parcel"", ""adjacent_residential_zoning"", ""approved_unbuilt_units_partial_no_layer_for_every_county_in_range"", ""near_existing_hv_transmission_corridor"", ""target_shooting_verify_county_discharge_ordinance_and_zoning""]"
29,6.627,2220002158,Washington,,8929 DOWNSVILLE PIKE WILLIAMSPORT MD 21795,unknown,Agricultural,6010.0,653900.0,151.28,144.84,144.76,144.76,129.2,1125.0,79.0,0,0.0,False,,341.37,1892669.0,8189.0,129.3,160.8,151.6,redundant,95.7,False,False,2,306.1,https://sdat.dat.maryland.gov/RealProperty/Pages/viewdetails.aspx?County=22&SearchType=ACCT&District=20&AccountNumber=002158,2.675,0.929,1.57,0.934,-0.332,-0.0,-0.0,-0.055,0.412,-0.0,0.04,-0.0,-0.0,-0.0,0.452,"[""owner_name_unavailable_lookup_sdat"", ""riparian_buffer_presumed_confirm_with_seller"", ""approved_unbuilt_units_partial_no_layer_for_every_county_in_range"", ""target_shooting_verify_county_discharge_ordinance_and_zoning"", ""safety_zone_located_by_parcel_point""]"
30,6.608,1122428918,Frederick,,6319 MT CHURCH ROAD JEFFERSON MD 21755,unknown,Agricultural,4992.0,994000.0,199.31,167.11,166.81,166.94,137.78,1120.0,78.0,0,0.0,False,0.0,114.95,2931059.0,9719.0,113.7,141.1,131.9,redundant,92.5,False,False,1,199.3,https://sdat.dat.maryland.gov/RealProperty/Pages/viewdetails.aspx?County=11&SearchType=ACCT&District=22&AccountNumber=428918,3.0,0.647,1.701,0.928,-0.326,-0.0,-0.0,-0.0,0.139,-0.0,0.2,-0.0,-0.0,-0.098,0.417,"[""owner_name_unavailable_lookup_sdat"", ""met_easement_read_terms"", ""riparian_buffer_presumed_confirm_with_seller"", ""approved_unbuilt_units_partial_no_layer_for_every_county_in_range"", ""target_shooting_verify_county_discharge_ordinance_and_zoning""]"
31,6.597,1105170478,Frederick,,16901 BOLLINGER SCHOOL RD EMMITSBURG MD 21727,unknown,Agricultural,2550.0,369100.0,208.69,192.13,141.56,141.56,140.53,750.0,33.0,0,0.0,False,0.0,240.64,2397322.0,9719.0,110.7,167.6,158.4,redundant,84.3,False,False,2,347.8,https://sdat.dat.maryland.gov/RealProperty/Pages/viewdetails.aspx?County=11&SearchType=ACCT&District=05&AccountNumber=170478,2.604,0.844,1.742,0.477,-0.089,-0.0,-0.0,-0.0,0.29,-0.0,0.5,-0.0,-0.0,-0.098,0.326,"[""owner_name_unavailable_lookup_sdat"", ""riparian_buffer_presumed_confirm_with_seller"", ""hostile_constraint_bisects_parcel"", ""approved_unbuilt_units_partial_no_layer_for_every_county_in_range"", ""target_shooting_verify_county_discharge_ordinance_and_zoning"", ""safety_zone_located_by_parcel_point""]"
32,6.537,1111284361,Frederick,,11020 KEYMAR RD WOODSBORO MD 21798,unknown,Agricultural,3906.0,652400.0,218.35,202.42,192.97,202.32,175.16,1281.0,78.0,3,3.79,False,0.0,481.8,2774505.0,9719.0,101.9,141.1,131.9,redundant,90.9,False,False,4,487.9,https://sdat.dat.maryland.gov/RealProperty/Pages/viewdetails.aspx?County=11&SearchType=ACCT&District=11&AccountNumber=284361,3.0,0.858,2.0,1.0,-0.326,-0.046,-0.0,-0.0,0.5,-0.75,0.0,-0.0,-0.0,-0.098,0.399,"[""owner_name_unavailable_lookup_sdat"", ""riparian_buffer_presumed_confirm_with_seller"", ""hostile_constraint_bisects_parcel"", ""entrance_permit_sha_state_road"", ""adjacent_residential_zoning"", ""approved_unbuilt_units_partial_no_layer_for_every_county_in_range"", ""near_existing_hv_transmission_corridor"", ""target_shooting_verify_county_discharge_ordinance_and_zoning"", ""safety_zone_located_by_parcel_point""]"
33,6.504,2220001313,Washington,,16517 SHAFFER RD SHARPSBURG MD 21782,unknown,Agricultural,1756.0,214300.0,146.25,145.18,145.18,145.18,133.41,890.0,77.0,0,0.0,False,,488.32,1635678.0,9719.0,134.3,167.0,157.7,redundant,93.7,False,False,4,448.0,https://sdat.dat.maryland.gov/RealProperty/Pages/viewdetails.aspx?County=22&SearchType=ACCT&District=20&AccountNumber=001313,2.684,1.0,1.634,0.648,-0.321,-0.0,-0.0,-0.055,0.5,-0.0,0.081,-0.0,-0.0,-0.098,0.43,"[""owner_name_unavailable_lookup_sdat"", ""approved_unbuilt_units_partial_no_layer_for_every_county_in_range"", ""target_shooting_verify_county_discharge_ordinance_and_zoning"", ""safety_zone_located_by_parcel_point""]"
34,6.503,2201011251,Washington,,6951 UNIVERSITY ROAD KEEDYSVILLE MD 21756,unknown,Agricultural,3022.0,250500.0,183.53,166.94,127.57,128.59,154.71,1308.0,27.0,0,0.0,False,,48.36,1753351.0,8189.0,126.7,157.5,148.2,redundant,85.0,False,False,2,225.9,https://sdat.dat.maryland.gov/RealProperty/Pages/viewdetails.aspx?County=22&SearchType=ACCT&District=01&AccountNumber=011251,2.296,0.818,1.958,1.0,-0.058,-0.0,-0.0,-0.055,0.058,-0.0,0.153,-0.0,-0.0,-0.0,0.333,"[""owner_name_unavailable_lookup_sdat"", ""sdat_acreage_disagrees_with_geometry"", ""met_easement_read_terms"", ""riparian_buffer_presumed_confirm_with_seller"", ""hostile_constraint_bisects_parcel"", ""approved_unbuilt_units_partial_no_layer_for_every_county_in_range"", ""target_shooting_verify_county_discharge_ordinance_and_zoning""]"
35,6.495,1111285805,Frederick,,310 S SECOND ST P O BOX 486 WOODSBORO MD 21798,unknown,Agricultural,,67300.0,163.83,161.67,161.5,161.5,133.97,1034.0,17.0,0,0.0,False,0.0,0.0,2690180.0,16010.0,98.8,130.1,120.9,redundant,87.9,False,False,1,163.8,https://sdat.dat.maryland.gov/RealProperty/Pages/viewdetails.aspx?County=11&SearchType=ACCT&District=11&AccountNumber=285805,3.0,1.0,1.643,0.824,-0.005,-0.0,-0.0,-0.0,0.0,-0.0,0.168,-0.0,-0.0,-0.5,0.366,"[""owner_name_unavailable_lookup_sdat"", ""entrance_permit_sha_state_road"", ""target_shooting_verify_county_discharge_ordinance_and_zoning"", ""safety_zone_located_by_parcel_point""]"
36,6.452,2206000932,Washington,,8306 MAPLEVILLE RD BOONSBORO MD 21713,unknown,Agricultural,2720.0,592100.0,201.27,197.47,197.45,197.45,157.42,1201.0,127.0,0,11.25,False,0.0,0.03,2240217.0,8189.0,117.6,146.0,136.8,redundant,83.4,False,False,2,275.3,https://sdat.dat.maryland.gov/RealProperty/Pages/viewdetails.aspx?County=22&SearchType=ACCT&District=06&AccountNumber=000932,3.0,0.986,1.999,1.0,-0.584,-0.367,-0.0,-0.0,0.0,-0.0,0.102,-0.0,-0.0,-0.0,0.316,"[""owner_name_unavailable_lookup_sdat"", ""riparian_buffer_presumed_confirm_with_seller"", ""entrance_permit_sha_state_road"", ""adjacent_residential_zoning"", ""approved_unbuilt_units_partial_no_layer_for_every_county_in_range"", ""target_shooting_verify_county_discharge_ordinance_and_zoning""]"
37,6.445,2220008229,Washington,,8128 NECK RD WILLIAMSPORT MD 21795,unknown,Agricultural,2858.0,59100.0,206.16,196.53,196.43,196.43,179.08,1106.0,18.0,3,0.0,False,,0.0,1747259.0,8189.0,146.8,182.8,173.6,single_egress,93.7,False,False,1,206.2,https://sdat.dat.maryland.gov/RealProperty/Pages/viewdetails.aspx?County=22&SearchType=ACCT&District=20&AccountNumber=008229,3.0,0.92,2.0,0.911,-0.011,-0.0,-0.0,-0.055,0.0,-0.75,0.0,-0.0,-0.0,-0.0,0.43,"[""owner_name_unavailable_lookup_sdat"", ""approved_unbuilt_units_partial_no_layer_for_every_county_in_range"", ""near_existing_hv_transmission_corridor"", ""target_shooting_verify_county_discharge_ordinance_and_zoning"", ""single_egress_no_incident_tolerance""]"
38,6.39,2220002123,Washington,,15910 CHENEYS NECK LN SHARPSBURG MD 21782,unknown,Agricultural,3630.0,608500.0,220.74,195.04,193.58,193.58,175.54,1124.0,27.0,3,0.0,False,,262.88,2753833.0,9719.0,142.2,177.0,167.8,redundant,86.0,False,False,1,220.7,https://sdat.dat.maryland.gov/RealProperty/Pages/viewdetails.aspx?County=22&SearchType=ACCT&District=20&AccountNumber=002123,3.0,0.756,2.0,0.933,-0.058,-0.0,-0.0,-0.055,0.317,-0.75,0.0,-0.0,-0.0,-0.098,0.344,"[""owner_name_unavailable_lookup_sdat"", ""approved_unbuilt_units_partial_no_layer_for_every_county_in_range"", ""near_existing_hv_transmission_corridor"", ""target_shooting_verify_county_discharge_ordinance_and_zoning"", ""safety_zone_located_by_parcel_point""]"
39,6.343,1105173663,Frederick,,5130 ALLENDALE LN TANEYTOWN MD 21787,unknown,Agricultural,,62500.0,221.51,194.89,144.17,145.75,178.81,720.0,46.0,0,0.0,False,0.0,237.85,3608824.0,16010.0,110.3,171.8,162.6,redundant,87.8,False,False,4,477.6,https://sdat.dat.maryland.gov/RealProperty/Pages/viewdetails.aspx?County=11&SearchType=ACCT&District=05&AccountNumber=173663,2.662,0.747,2.0,0.441,-0.158,-0.0,-0.0,-0.0,0.287,-0.0,0.5,-0.0,-0.0,-0.5,0.364,"[""owner_name_unavailable_lookup_sdat"", ""riparian_buffer_presumed_confirm_with_seller"", ""hostile_constraint_bisects_parcel"", ""islands_reconnectable_via_mde_crossing_permit"", ""approved_unbuilt_units_partial_no_layer_for_every_county_in_range"", ""target_shooting_verify_county_discharge_ordinance_and_zoning"", ""safety_zone_located_by_parcel_point""]"
40,6.321,1120397322,Frederick,,24725 PEACH TREE RD CLARKSBURG MD 20871,unknown,Agricultural,4970.0,720100.0,193.25,175.53,168.05,175.51,175.37,1673.0,33.0,3,0.0,False,0.0,55.24,2598263.0,9719.0,107.4,132.5,123.3,redundant,88.6,False,False,1,193.2,https://sdat.dat.maryland.gov/RealProperty/Pages/viewdetails.aspx?County=11&SearchType=ACCT&District=20&AccountNumber=397322,3.0,0.813,2.0,1.0,-0.089,-0.0,-0.0,-0.0,0.067,-0.75,0.005,-0.0,-0.0,-0.098,0.373,"[""owner_name_unavailable_lookup_sdat"", ""riparian_buffer_presumed_confirm_with_seller"", ""hostile_constraint_bisects_parcel"", ""islands_reconnectable_via_mde_crossing_permit"", ""near_existing_hv_transmission_corridor"", ""target_shooting_verify_county_discharge_ordinance_and_zoning"", ""safety_zone_located_by_parcel_point""]"
